,date,station_id,avg_temperature,avg_vent_moyen,avg_pluie_1h
0,2024-01-01,23,5.129279196872003,6.319421585673998,0.26907025914799976
1,2024-02-01,23,5.742796492723,6.812885801257997,0.24083219278399992
2,2024-03-01,23,7.474770879211999,7.602359819357993,0.24739740742599992
3,2024-04-01,23,11.017756998285991,6.809410625032997,0.2859763859860001
4,2024-05-01,23,14.569449253140995,5.774315753682999,0.2953470095940004
5,2024-06-01,23,17.114711669982004,4.833037754477002,0.25321082634600023
6,2024-07-01,23,17.870116931546026,4.992753071781003,0.14154122428600002
7,2024-08-01,23,17.58091140027602,4.728950236338002,0.16180519635800014
8,2024-09-01,23,18.117609330800995,4.209397339424999,0.26770265830200046
9,2024-10-01,23,14.096895052894997,5.538160644580997,0.26118509099800014
10,2024-11-01,23,7.507565379259996,6.239053033237999,0.28851621763799984
11,2024-12-01,23,1.9375558923819987,6.2134733712719985,0.29488665694299976
12,2024-01-01,42,6.1921318797420035,5.614921109341995,0.0814806966210001
13,2024-02-01,42,5.839552652875002,5.431428760978995,0.05858467140700006
14,2024-03-01,42,9.766628254392993,6.559331290867999,0.10806960690599993
15,2024-04-01,42,12.493408922217993,5.366562099012999,0.06005694727700004
16,2024-05-01,42,17.94702521625699,4.900529902972002,0.06464693270000005
17,2024-06-01,42,20.702275741858994,4.130595224112003,0.07264717857900001
18,2024-07-01,42,20.297138520018997,4.714486524729005,0.080849902421
19,2024-08-01,42,19.851726844415985,3.9258322420850034,0.086516509272
20,2024-09-01,42,19.48371638798902,3.0847304608899986,0.1087680444520002
21,2024-10-01,42,14.147333791981012,4.720414662768999,0.12423272485600022
22,2024-11-01,42,8.846836725407007,6.0918121805790015,0.14214723233000015
23,2024-12-01,42,4.163988337866006,5.928155054713999,0.08919622600100004
24,2024-01-01,93,6.004094754824996,4.148781733572001,0.08059530443100003
25,2024-02-01,93,5.588320511881996,4.176295285416,0.043844834759
26,2024-03-01,93,9.420723404047997,4.853000074463001,0.088692820417
27,2024-04-01,93,12.290899672699991,3.988186731853003,0.07190586381299999
28,2024-05-01,93,18.471860334469998,3.8154875787310023,0.060416929166000034
29,2024-06-01,93,22.210640636211,3.698945395833003,0.06207114724400001
30,2024-07-01,93,24.185396816741996,4.541424167611003,0.07876610564699998
31,2024-08-01,93,22.620523026790973,4.082111990944004,0.07559936423899997
32,2024-09-01,93,19.193214863834996,3.2919506912790024,0.089168549871
33,2024-10-01,93,14.096895052894997,4.856520322959998,0.09928882294999998
34,2024-11-01,93,8.745636668241001,5.895521199158996,0.11483028162499993
35,2024-12-01,93,4.392032778507003,4.531576502018001,0.08595727836900002
36,2024-01-01,000C5,6.001310314966999,2.7515787953139967,0.08169992954100005
37,2024-02-01,000C5,5.608118822740998,2.1177179396069974,0.05816256486899997
38,2024-03-01,000C5,9.397806867255,2.0752367474239968,0.08229638351999996
39,2024-04-01,000C5,12.154293441689001,1.9558739471919975,0.08851980807299999
40,2024-05-01,000C5,16.974703571163012,1.369829770370999,0.05446562634099998
41,2024-06-01,000C5,19.51348052069701,1.0928903536530006,0.05892509665000005
42,2024-07-01,000C5,18.848736154663005,1.430278588801999,0.05680596529799997
43,2024-08-01,000C5,18.76587750955801,1.4547140823079994,0.07383918653099998
44,2024-09-01,000C5,19.181703520079996,1.2700756871539995,0.12262172183900001
45,2024-10-01,000C5,14.108261216581996,1.9467638352889987,0.13428934173700002
46,2024-11-01,000C5,8.714506511150002,2.494880179786,0.14542875097100008
47,2024-12-01,000C5,4.768389068788005,3.0365401070809956,0.09191166526800001
48,2024-01-01,000K0,5.510475783899002,6.603224347421004,0.10793148242699996
49,2024-02-01,000K0,5.303623559494,6.283559730997,0.05876582229699994
50,2024-03-01,000K0,9.537573905412994,7.213142505367005,0.09491956170799996
51,2024-04-01,000K0,12.670601146502992,6.437191188820006,0.09459922366799998
52,2024-05-01,000K0,18.135891604746995,5.895325757384008,0.08827969320300007
53,2024-06-01,000K0,21.18135839334902,5.135660290359008,0.10619428608700002
54,2024-07-01,000K0,22.169055512743014,4.930682545223009,0.10479302625900011
55,2024-08-01,000K0,21.799920028970014,5.121520343110006,0.09521005688200006
56,2024-09-01,000K0,20.135497784236012,5.092781029062,0.21696799695799981
57,2024-10-01,000K0,15.096174677904008,6.226958665679003,0.21914416346799986
58,2024-11-01,000K0,8.365620647786006,6.518048446288005,0.20784188319299982
59,2024-12-01,000K0,4.002222086438003,6.643137562206002,0.12400968954199985
60,2024-01-01,000L7,9.156058369463004,6.192125604038003,0.061242013021000054
61,2024-02-01,000L7,10.452526526348011,6.9422049709810025,0.031537915813999985
62,2024-03-01,000L7,12.38798509054501,7.092288109883006,0.05579816479500004
63,2024-04-01,000L7,15.77809890129902,6.900958470179006,0.04245827878599999
64,2024-05-01,000L7,21.215669601639025,6.664157265431995,0.07449352166600008
65,2024-06-01,000L7,24.578361808535035,6.454062147946996,0.07467403827100008
66,2024-07-01,000L7,25.667508194299007,7.019146070499989,0.04321311633799995
67,2024-08-01,000L7,24.203142465124984,6.69246316199699,0.052029743887999975
68,2024-09-01,000L7,20.000473542106004,5.4366719297879955,0.08151172155199998
69,2024-10-01,000L7,17.30776397410001,5.621035399660993,0.07799477361099999
70,2024-11-01,000L7,11.160125512869994,5.972933780332999,0.06015411488200004
71,2024-12-01,000L7,7.602346991369995,6.098774058631002,0.06036831080800007
72,2024-01-01,000Q2,7.815893457227,5.6949239203770015,0.24529162237999957
73,2024-02-01,000Q2,7.843957121065,5.493710150801997,0.21630041428699978
74,2024-03-01,000Q2,9.795657939490006,6.431653417824,0.16925439982899995
75,2024-04-01,000Q2,12.643440094748012,5.140363446484002,0.12754094477299993
76,2024-05-01,000Q2,16.811960675622,5.224510848340004,0.09915480839599994
77,2024-06-01,000Q2,18.80177117743498,4.283879032501004,0.12249188949100008
78,2024-07-01,000Q2,17.852504209029995,4.094522411578007,0.17497555206199977
79,2024-08-01,000Q2,18.152202192133007,3.5772370704440033,0.12726304269899985
80,2024-09-01,000Q2,18.891630553449012,3.360363807470002,0.155555475792
81,2024-10-01,000Q2,14.111276625168996,5.004976083088998,0.18736642890999997
82,2024-11-01,000Q2,9.346912372715002,6.191974753989002,0.2253460644950001
83,2024-12-01,000Q2,5.745859060595002,5.784588947662002,0.24987541885499961
84,2024-01-01,000T3,1.917310000089002,0.20117885024100018,0.169048260214
85,2024-02-01,000T3,2.377700601112004,0.11573641998300004,0.17137914416000008
86,2024-03-01,000T3,5.4481986434659975,0.10438395420499999,0.17309637975899997
87,2024-04-01,000T3,9.303697415931998,0.06259441446699997,0.15942412140600004
88,2024-05-01,000T3,14.635694583348993,0.06767360779100004,0.132207454968
89,2024-06-01,000T3,17.726746454918015,0.05808716095200002,0.09794948057199994
90,2024-07-01,000T3,17.542979332588025,0.05288103382500001,0.12580082443299995
91,2024-08-01,000T3,16.914745405061016,0.016361842549000024,0.12176650083799995
92,2024-09-01,000T3,16.046443120926003,0.13435898141800018,0.12718520644400003
93,2024-10-01,000T3,13.666876910113992,0.06006084532700006,0.1449099301600001
94,2024-11-01,000T3,5.6502674519099925,0.08629631245300001,0.16491956036200006
95,2024-12-01,000T3,0.8237511958319993,0.14769013097600023,0.18946853764600002
96,2024-01-01,000U7,6.556508192671998,1.177988251568,0.05292293629300004
97,2024-02-01,000U7,6.400919953091999,2.333746275636999,0.048846042416999996
98,2024-03-01,000U7,9.948888525654004,5.001338885272003,0.08254508470199996
99,2024-04-01,000U7,12.791766809801006,5.775266537831003,0.06927167238900005
100,2024-05-01,000U7,18.012136904945,5.777011696065001,0.061445033584000025
101,2024-06-01,000U7,20.890919380841005,5.425583756100001,0.072303438584
102,2024-07-01,000U7,23.15821349652699,6.051544944937,0.08240126828899996
103,2024-08-01,000U7,22.237497371924988,5.224331157695001,0.08706978471899994
104,2024-09-01,000U7,19.769212567244974,4.344517681900002,0.12644752805500006
105,2024-10-01,000U7,14.937252789250993,5.574043487112001,0.14463407869700012
106,2024-11-01,000U7,8.836271114108008,6.516252903639005,0.15555850117700007
107,2024-12-01,000U7,3.9015660551620046,2.494019890965999,0.07121824195900006
108,2024-01-01,ME014,6.178284829427996,6.896340645342,0.04568600540399999
109,2024-02-01,ME014,5.801094571236995,7.0714146443710035,0.01656131257499999
110,2024-03-01,ME014,8.9748856078,7.559705560028999,0.03313223916099999
111,2024-04-01,ME014,11.882453158903989,7.366505076225,0.033027105447000014
112,2024-05-01,ME014,17.100639190571993,6.810092371635003,0.028355030602999997
113,2024-06-01,ME014,19.300482401935998,6.115891443342001,0.03390546583700001
114,2024-07-01,ME014,18.842845467800004,5.022349468092005,0.051243610233999995
115,2024-08-01,ME014,18.79411638569201,4.3201283129330035,0.09678101486600003
116,2024-09-01,ME014,19.008476608808998,3.847391598064002,0.11496063007300006
117,2024-10-01,ME014,14.096895052894997,4.502449124733002,0.11087304921500009
118,2024-11-01,ME014,8.749430780048002,5.632414953344002,0.10179240225500007
119,2024-12-01,ME014,4.359322774784004,6.856904500245,0.07353241503099993
120,2024-01-01,000BV,6.128242350922999,12.356515914475997,0.07987157688000004
121,2024-02-01,000BV,5.714703072006997,13.183830897207992,0.037167443232
122,2024-03-01,000BV,9.518487113076995,12.432775267395993,0.08449974424699996
123,2024-04-01,000BV,12.233070826814991,11.569413756229,0.07831884743299997
124,2024-05-01,000BV,17.721164841493998,11.185179559574005,0.08955641699299999
125,2024-06-01,000BV,20.480319825921,10.794949062686005,0.10438962622
126,2024-07-01,000BV,21.991126196151022,9.246099786640995,0.07916028378399999
127,2024-08-01,000BV,21.00027296091501,8.430828154121008,0.07549764223299998
128,2024-09-01,000BV,19.181703520079996,10.883359821749,0.10997015741900001
129,2024-10-01,000BV,14.096895052894997,11.580134690373997,0.12471079442600005
130,2024-11-01,000BV,8.719467296647002,10.988011615472002,0.12986023341500005
131,2024-12-01,000BV,4.375787505348004,11.885931803616993,0.08519938586400003
132,2024-01-01,000BZ,7.125818073311998,5.336313368977005,0.05993921367999998
133,2024-02-01,000BZ,7.131698885820993,4.973642124808004,0.04843732326200002
134,2024-03-01,000BZ,10.931734010825005,6.183297753073,0.050889062679999986
135,2024-04-01,000BZ,14.558742882682006,6.496987725659008,0.05025118396400002
136,2024-05-01,000BZ,20.08772797637002,5.8496946330950035,0.10833684042700004
137,2024-06-01,000BZ,23.697863652407023,5.135712062014004,0.1119337001820001
138,2024-07-01,000BZ,25.677528844054027,6.040206997162003,0.06950300546699999
139,2024-08-01,000BZ,23.929014924297018,5.541345715020004,0.06927669758800001
140,2024-09-01,000BZ,20.309945194076974,3.8109704664610025,0.09341748188800002
141,2024-10-01,000BZ,15.811111982976986,4.686509186640001,0.09187358568800003
142,2024-11-01,000BZ,9.433531260295993,4.935930215542003,0.08808498574200004
143,2024-12-01,000BZ,5.639372362685004,5.394014289801,0.06760465753099999
144,2024-01-01,000Y9,9.49194307539701,5.363532637336999,0.05536408757700006
145,2024-02-01,000Y9,9.773871177138014,5.532536229243002,0.08315495854800002
146,2024-03-01,000Y9,12.747059203703007,7.135998566772995,0.039712822131000004
147,2024-04-01,000Y9,15.461042603757019,5.986062895967001,0.045423954713
148,2024-05-01,000Y9,20.621582757781024,5.2795171150619975,0.06974969270800004
149,2024-06-01,000Y9,23.925591954940014,5.467545846876001,0.05150427308199994
150,2024-07-01,000Y9,24.82419191369901,6.510711233561008,0.023976325137999976
151,2024-08-01,000Y9,23.674876771801998,6.328571976792995,0.01861449275599997
152,2024-09-01,000Y9,21.569642167433962,5.159857126341007,0.07780091081700008
153,2024-10-01,000Y9,18.162546031836982,6.064270287298998,0.08599948660400006
154,2024-11-01,000Y9,12.533698280199008,6.648614377539004,0.08056895316400002
155,2024-12-01,000Y9,9.099297463608996,5.870005972506001,0.049769717975000044
156,2024-01-01,000CJ,1.633182837619999,2.2095999832880024,0.18787648960800002
157,2024-02-01,000CJ,2.470642645652997,3.1759068603020024,0.14045856645300014
158,2024-03-01,000CJ,5.836734839343004,3.9643765094450045,0.25112724075100024
159,2024-04-01,000CJ,9.886285647388997,3.776186769052,0.15294418161399992
160,2024-05-01,000CJ,14.540846678327007,3.217128779027999,0.12633571333699986
161,2024-06-01,000CJ,17.324798606556005,2.5568785175760027,0.09904071294599995
162,2024-07-01,000CJ,18.515290196738,2.750228111635,0.10023322601800004
163,2024-08-01,000CJ,17.918575436488993,2.2772442797700005,0.11071910313599996
164,2024-09-01,000CJ,17.198380716503976,1.8282993010520021,0.2320768769970001
165,2024-10-01,000CJ,13.576924640032983,2.6368882791430006,0.2653351301600003
166,2024-11-01,000CJ,3.6589428685259975,3.299100202361997,0.28765279334500043
167,2024-12-01,000CJ,0.0826086225460001,2.1413753431480016,0.19913788374999997
168,2024-01-01,000DF,7.432153559740002,12.105805727088013,0.08072805440100002
169,2024-02-01,000DF,7.359944249833003,11.552095425164014,0.052671987223999975
170,2024-03-01,000DF,11.205703840879,12.634026443748017,0.07944760932099997
171,2024-04-01,000DF,13.792097328108998,11.22383526013801,0.05449730714000003
172,2024-05-01,000DF,18.31471516073,9.600791219849006,0.08687633342200007
173,2024-06-01,000DF,20.94616631032401,8.361984331003999,0.10396922063300003
174,2024-07-01,000DF,20.889039890990986,9.020937199475991,0.08217972419700001
175,2024-08-01,000DF,20.910186015565,8.499512938104996,0.100025254417
176,2024-09-01,000DF,20.456227019945995,9.400971629295999,0.19795777559900024
177,2024-10-01,000DF,15.780004024664008,12.544455210754997,0.2180485788320003
178,2024-11-01,000DF,11.036816234838998,13.484993670932,0.19942237358400017
179,2024-12-01,000DF,6.537687624028997,12.395471140676,0.096052854553
180,2024-01-01,000DR,5.681823202945996,1.0759131833310014,0.09241588558799992
181,2024-02-01,000DR,5.3277261699759935,0.7933673971640007,0.04851808653099999
182,2024-03-01,000DR,8.996313484095,0.9374645610590006,0.08181356767999998
183,2024-04-01,000DR,12.13015749771299,1.055168453868001,0.08369509296200003
184,2024-05-01,000DR,17.127079608065007,0.8405899547910001,0.071752218558
185,2024-06-01,000DR,19.26599891604501,0.7613873031150001,0.07345413567500006
186,2024-07-01,000DR,18.979667178916003,1.1022701875920002,0.077836082572
187,2024-08-01,000DR,19.035706779823016,0.775523585121,0.07875281570199999
188,2024-09-01,000DR,19.049373518404003,0.8232045352409998,0.163479236196
189,2024-10-01,000DR,14.207942904759,1.201409015201999,0.19215352092899998
190,2024-11-01,000DR,8.370720294919995,1.3582674137539998,0.2111603290210001
191,2024-12-01,000DR,4.294463835583996,1.1619954639720012,0.11368853059199995
192,2024-01-01,000EB,5.930153931301991,7.537385485400007,0.11275173822299989
193,2024-02-01,000EB,5.633164426765989,6.706499683118999,0.05146378765600001
194,2024-03-01,000EB,9.068480955416003,6.951046714264995,0.09631355483399999
195,2024-04-01,000EB,11.833132127818002,6.792922913587001,0.08239046078899996
196,2024-05-01,000EB,17.101528696236993,6.1953105541700015,0.07939768087699998
197,2024-06-01,000EB,19.90308488660401,5.644676593036003,0.06771544754400007
198,2024-07-01,000EB,19.249978927132027,6.543162946365999,0.07617649668699998
199,2024-08-01,000EB,19.216134962309027,6.342464793696996,0.08159532807100002
200,2024-09-01,000EB,19.235219550400014,4.795609188563,0.12520821052000014
201,2024-10-01,000EB,14.185015587582008,6.761179481789997,0.13662170747000013
202,2024-11-01,000EB,8.706301564812007,8.264977519973993,0.1399753620829999
203,2024-12-01,000EB,3.987716700656002,7.800544387086003,0.11634348088399996
204,2024-01-01,000EU,5.842058906498997,9.085155512243004,0.053164933257000016
205,2024-02-01,000EU,5.563734288742996,8.699160638590016,0.03646781342500002
206,2024-03-01,000EU,9.536795690118009,9.090726310064,0.072616262223
207,2024-04-01,000EU,12.647793129166002,9.026597305367002,0.070641674461
208,2024-05-01,000EU,18.27512885713,8.234594645108004,0.11541889190799998
209,2024-06-01,000EU,21.434617584770013,7.548471527835002,0.14820917242999992
210,2024-07-01,000EU,22.894589300057007,7.955389766240009,0.06833879042199992
211,2024-08-01,000EU,22.165371172761994,8.07502644224101,0.07987988336800003
212,2024-09-01,000EU,19.781413552055973,6.986387048384,0.15554399490400014
213,2024-10-01,000EU,14.995377835697008,8.432975835833009,0.16270728971700013
214,2024-11-01,000EU,8.308762090646997,8.205766638805997,0.13381306090700007
215,2024-12-01,000EU,3.703134933596002,8.490425694467998,0.076906989199
216,2024-01-01,000FA,5.546734738474998,9.25006832346,0.10781251505599986
217,2024-02-01,000FA,5.465053979123,9.052530869901007,0.09453190984399988
218,2024-03-01,000FA,7.741482221957008,8.991292805249008,0.15816901967799982
219,2024-04-01,000FA,10.785639430068006,8.358155536224004,0.11263343104999995
220,2024-05-01,000FA,16.173630742244008,7.621486992709004,0.08696932750400005
221,2024-06-01,000FA,18.798162523584,7.100683618515009,0.07671604426200011
222,2024-07-01,000FA,18.41816298769101,6.834484368785,0.1188414573880001
223,2024-08-01,000FA,18.321385837015008,6.463073034907999,0.106653511808
224,2024-09-01,000FA,18.531396377520984,5.784239578483,0.10055728356999999
225,2024-10-01,000FA,13.497643716405012,6.811998689504995,0.12590337794900014
226,2024-11-01,000FA,7.85255325383199,7.967117097593989,0.1610468121810001
227,2024-12-01,000FA,2.942015881176002,9.070828055567002,0.11034663830199991
228,2024-01-01,ME103,1.238503368495,1.359329312469998,0.05601386726000004
229,2024-02-01,ME103,1.8369707782389972,1.2531316695869976,0.048017568592000036
230,2024-03-01,ME103,5.466647300436994,1.0655621611589987,0.07494575111000004
231,2024-04-01,ME103,8.270087143314006,0.7440038281120002,0.067296169428
232,2024-05-01,ME103,13.752894477649996,0.47524800149800017,0.05746475424800006
233,2024-06-01,ME103,16.843610323059014,0.3167456096109995,0.043050033616000016
234,2024-07-01,ME103,17.719187245144994,0.17958267243899997,0.06594122036699994
235,2024-08-01,ME103,16.96173180322599,0.1176522115429999,0.060928903226999974
236,2024-09-01,ME103,15.26214130153799,0.16927915839600005,0.1325934912129999
237,2024-10-01,ME103,12.344445269143002,0.29063722853800017,0.1462690836639999
238,2024-11-01,ME103,5.092487702477995,0.3575136000330001,0.14114817413400002
239,2024-12-01,ME103,0.5775951248180005,1.2667199426419982,0.06264217280300005
240,2024-01-01,ME104,5.140638972661992,1.3648637128219991,0.03891217968700002
241,2024-02-01,ME104,4.630656898932992,1.4120501218669985,0.02857261903599999
242,2024-03-01,ME104,9.694420297362,2.2489390603739983,0.058459965818000025
243,2024-04-01,ME104,12.703145652316994,2.1217532481559993,0.051480434175000006
244,2024-05-01,ME104,18.286099912660998,2.128962589381001,0.057887116142000004
245,2024-06-01,ME104,21.092782599923993,2.1900528224960016,0.07449013840900001
246,2024-07-01,ME104,22.194122838029003,2.1418247237050014,0.07747960781099998
247,2024-08-01,ME104,21.460736328896004,2.044761020767001,0.076703391448
248,2024-09-01,ME104,19.222332354375997,2.1260794843189985,0.07617902978499998
249,2024-10-01,ME104,15.65704748237501,2.817461163403998,0.079207793475
250,2024-11-01,ME104,10.080150293715,3.1011387307039997,0.08207264509700007
251,2024-12-01,ME104,4.277077643856004,1.862093833480001,0.04639812901899999
252,2024-01-01,ME106,6.378288278731998,2.1831059443220044,0.08535191822500005
253,2024-02-01,ME106,6.299708754003994,2.9551180709200024,0.046428735683999994
254,2024-03-01,ME106,9.17442321384201,4.109423313283004,0.10299259293200003
255,2024-04-01,ME106,11.580055289051995,3.6414646797160004,0.08885750362800005
256,2024-05-01,ME106,16.519844156423986,3.006737689711,0.05311922178400003
257,2024-06-01,ME106,19.181613456674985,2.2948831060279993,0.051662277864999974
258,2024-07-01,ME106,18.719521301311,2.8921867291860024,0.09004046027399994
259,2024-08-01,ME106,18.576582485280984,2.8319216351980008,0.10161054284699997
260,2024-09-01,ME106,19.083926987813,2.9875557474490018,0.1346653837569999
261,2024-10-01,ME106,14.181760728477,3.7320889986310033,0.16543804523399988
262,2024-11-01,ME106,9.020129164554994,4.252536899931005,0.20341377256600007
263,2024-12-01,ME106,4.530844796026003,2.2871699668840035,0.09029176371900004
264,2024-01-01,000FN,6.936064225244996,6.216958912701997,0.13709152893100007
265,2024-02-01,000FN,6.475554146163998,6.156085037631997,0.12145255355899996
266,2024-03-01,000FN,9.217572263555988,6.747995779349992,0.155585280372
267,2024-04-01,000FN,11.602706091051985,5.065946291162008,0.09843389919099996
268,2024-05-01,000FN,15.55592695449999,4.267783190631005,0.07999503229699995
269,2024-06-01,000FN,17.87737393569301,3.281232459742002,0.09819375620700005
270,2024-07-01,000FN,17.73785507629201,3.6265729396349995,0.08118888473200002
271,2024-08-01,000FN,17.866644361928024,3.288877930822005,0.07149650610700008
272,2024-09-01,000FN,18.49374724112602,2.5375762992920023,0.14343408004800007
273,2024-10-01,000FN,14.096895052894997,4.318889050411004,0.15978034678000005
274,2024-11-01,000FN,9.143969089931007,5.965790142039006,0.160131131496
275,2024-12-01,000FN,5.0699314501150035,6.281375127469997,0.14093053888000007
276,2024-01-01,000GQ,5.927785878439996,5.556484556830997,0.05611018996400001
277,2024-02-01,000GQ,5.5538755294579945,5.9461604762789975,0.028550196233999993
278,2024-03-01,000GQ,9.402074393138001,7.171280229784995,0.043516360214000016
279,2024-04-01,000GQ,12.258723667311992,6.055775730543001,0.05333697087
280,2024-05-01,000GQ,18.045707426888008,5.921230401423003,0.052771355990000025
281,2024-06-01,000GQ,21.85443661536201,5.921433552773002,0.06539364311700002
282,2024-07-01,000GQ,23.001173007782004,5.592694870455002,0.06446391254200004
283,2024-08-01,000GQ,21.495201322950017,5.276934174544001,0.06725930180600005
284,2024-09-01,000GQ,19.181703520079996,4.760243236658001,0.12358697266400005
285,2024-10-01,000GQ,14.096895052894997,6.007967907753,0.13626024654200003
286,2024-11-01,000GQ,8.719467296647002,6.102337924090001,0.13549980034600004
287,2024-12-01,000GQ,3.8659459853230036,5.907607047200997,0.05919025525800002
288,2024-01-01,000HL,8.17755617609799,2.6342715020919987,0.093218521104
289,2024-02-01,000HL,8.167525004078989,2.381943226892001,0.027178487146000005
290,2024-03-01,000HL,11.572151741663,2.3845951745170013,0.049909166098999994
291,2024-04-01,000HL,13.986876481952999,1.5558487010330009,0.060921236939
292,2024-05-01,000HL,19.212239385211998,0.9019713976740009,0.07321980011900002
293,2024-06-01,000HL,22.311558322906993,0.6321282156730003,0.06580139743900001
294,2024-07-01,000HL,24.68729035372098,1.1150741778709996,0.03523937976900001
295,2024-08-01,000HL,23.514804785360994,1.8326770340740004,0.05018392433699999
296,2024-09-01,000HL,20.579302810814983,2.4268919634580026,0.13530654972800002
297,2024-10-01,000HL,16.506589028935014,2.7588504256499977,0.13313054903
298,2024-11-01,000HL,10.965246361243999,2.9783815775749987,0.10088337067199989
299,2024-12-01,000HL,7.845551031470003,2.6409196872399985,0.097215814464
300,2024-01-01,000MJ,6.524144451868998,5.993181359828994,0.08932073139600004
301,2024-02-01,000MJ,6.125804518249001,5.73812054966,0.04301705602800002
302,2024-03-01,000MJ,9.473152150958997,6.7405229335650025,0.09061748805299999
303,2024-04-01,000MJ,11.908944307448994,5.90414933173201,0.07452391164299996
304,2024-05-01,000MJ,16.725727007980996,5.2912358952870076,0.047894322179
305,2024-06-01,000MJ,19.08655129012699,4.633381384495003,0.048540014353999995
306,2024-07-01,000MJ,18.66813608736899,5.220745869008999,0.11044974196
307,2024-08-01,000MJ,18.836447646807006,4.6741640023369975,0.10189344034299999
308,2024-09-01,000MJ,19.119508914897995,3.342697714201999,0.12745178507100013
309,2024-10-01,000MJ,14.083214489517989,5.706971252787998,0.14989652551500018
310,2024-11-01,000MJ,9.043687857067004,7.246712072896005,0.17855201213200003
311,2024-12-01,000MJ,4.30568869702,6.308450114418992,0.09569571366600003
312,2024-01-01,ME135,5.965008000830995,4.644069939747,0.08408467086800002
313,2024-02-01,ME135,5.5539697774289944,4.651824054807001,0.050711769259000006
314,2024-03-01,ME135,9.363605911221999,6.055559859134999,0.09919802789699998
315,2024-04-01,ME135,12.220255185395992,5.0806922316620025,0.07872276261699998
316,2024-05-01,ME135,17.256295649292998,4.524858560311002,0.06477496986900003
317,2024-06-01,ME135,19.435426692215998,4.155289064670004,0.065697195003
318,2024-07-01,ME135,18.836825740704004,4.765841697836006,0.07916028378399999
319,2024-08-01,ME135,18.82320971372601,4.187977953063004,0.07611817269699998
320,2024-09-01,ME135,19.181703520079996,3.392538423266002,0.11527054147400005
321,2024-10-01,ME135,14.096895052894997,4.976737195441998,0.13228831380700007
322,2024-11-01,ME135,8.719467296647002,6.166595608556,0.14134479243200007
323,2024-12-01,ME135,4.335837660743003,5.043721833427001,0.08727652256900002
324,2024-01-01,000OM,5.960121262620995,8.448375422599996,0.07331245250700005
325,2024-02-01,000OM,5.628580138479997,7.964562936114004,0.04251615165799997
326,2024-03-01,000OM,9.768276372906003,9.021967504152009,0.09388859644699998
327,2024-04-01,000OM,12.589690349025998,8.663294342942008,0.07863941234699996
328,2024-05-01,000OM,17.592797801911004,8.008449773838004,0.07790409493899997
329,2024-06-01,000OM,19.819958992681,7.390453290211005,0.08208638974099998
330,2024-07-01,000OM,20.209599254319013,6.970995717810004,0.08435474411799997
331,2024-08-01,000OM,20.25445586280201,5.637123730741001,0.08065273895299999
332,2024-09-01,000OM,20.119017204040983,5.189539391688002,0.11522458495800007
333,2024-10-01,000OM,14.096895052894997,6.777153044051,0.1303817824610001
334,2024-11-01,000OM,8.953616019782006,8.022502316934009,0.13509104263000013
335,2024-12-01,000OM,3.9986608848940075,8.359472703116996,0.08114562113600005
336,2024-01-01,000OO,6.295235512796998,2.1068011709259973,0.05087104949499993
337,2024-02-01,000OO,6.3126299904159975,2.7381989766779986,0.047108194485999996
338,2024-03-01,000OO,10.821399013592998,3.185178325178,0.045307452199999994
339,2024-04-01,000OO,14.19564141855999,2.8613766491300017,0.052907677802
340,2024-05-01,000OO,19.686991841002,2.2314484540699997,0.112058476777
341,2024-06-01,000OO,23.316385653286005,2.2511372767609976,0.13198211947000002
342,2024-07-01,000OO,26.344376671045012,2.429351474945,0.036661071614000014
343,2024-08-01,000OO,24.62148130619801,2.3661614584700006,0.04762436175499997
344,2024-09-01,000OO,20.274378295867,2.016105870435,0.10267138087599999
345,2024-10-01,000OO,16.827226723603992,1.952697292736999,0.09993637256099998
346,2024-11-01,000OO,9.367212431853007,2.149320032391999,0.08155935684299996
347,2024-12-01,000OO,5.947996856155007,2.0987091247589977,0.05836052598999993
348,2024-01-01,000QZ,5.763718842050002,5.990404854235002,0.09887655226199998
349,2024-02-01,000QZ,5.164590439570003,6.101405227877004,0.058169253146000036
350,2024-03-01,000QZ,8.441354028968,5.927348977133995,0.10135439714799997
351,2024-04-01,000QZ,12.08731283879299,5.1670865891799975,0.07591427517200001
352,2024-05-01,000QZ,17.638990677050987,4.823066660090001,0.054123525359
353,2024-06-01,000QZ,20.300378822174004,4.671321202481005,0.054629193339000064
354,2024-07-01,000QZ,19.93761502168201,4.693392883003005,0.08786916401500001
355,2024-08-01,000QZ,19.826521157967015,4.297309805876004,0.09301683434800005
356,2024-09-01,000QZ,19.181703520079996,3.762838738018002,0.11705624414500003
357,2024-10-01,000QZ,14.059730715304992,5.437872668230999,0.13291258150900004
358,2024-11-01,000QZ,8.690437068054,7.498653856323001,0.143041655431
359,2024-12-01,000QZ,2.9322136024059984,6.820962315442001,0.103183769377
360,2024-01-01,000RD,5.208601217577998,1.6228901111340006,0.08264115445600007
361,2024-02-01,000RD,4.741096189104001,0.9615721073489993,0.05220057481900001
362,2024-03-01,000RD,8.000163996592997,0.8287139839840002,0.10357370966700002
363,2024-04-01,000RD,11.326607588958998,0.303610361448,0.09887459446600007
364,2024-05-01,000RD,16.841340106667012,0.251709062112,0.08968693688599999
365,2024-06-01,000RD,18.81751416542302,0.127854653207,0.10277240368799986
366,2024-07-01,000RD,17.787459912058992,0.166654826738,0.22832488786799987
367,2024-08-01,000RD,17.822154160288996,0.07364191448099996,0.19140651280299992
368,2024-09-01,000RD,19.181703520079996,0.09101664064499998,0.11753602261300006
369,2024-10-01,000RD,14.110715978718996,0.22976211821300008,0.12262876473700006
370,2024-11-01,000RD,8.653964874717001,0.6634441714919997,0.126452374511
371,2024-12-01,000RD,3.958974083092001,1.8724631155340008,0.09041662495000002
372,2024-01-01,000TY,5.003027411252994,8.040901728521002,0.14093980699200026
373,2024-02-01,000TY,4.962692666830993,8.250527458813997,0.07815030820900003
374,2024-03-01,000TY,8.326710156707998,8.024145944166001,0.13266398724
375,2024-04-01,000TY,11.869973615168995,6.815584960788001,0.09174431012999999
376,2024-05-01,000TY,17.104437077488996,5.856667439120002,0.06644756447500003
377,2024-06-01,000TY,19.718374838956002,5.603235920941004,0.087083334756
378,2024-07-01,000TY,18.771779195890016,6.629514114329998,0.1476277631869999
379,2024-08-01,000TY,18.551105392110003,6.113022886569995,0.120437151621
380,2024-09-01,000TY,18.554701919544986,5.589504844033995,0.15372213929699985
381,2024-10-01,000TY,13.073376475547002,7.196507620890008,0.16797046860199988
382,2024-11-01,000TY,7.715969543773008,8.010475885116008,0.16644609690499998
383,2024-12-01,000TY,2.452121065935002,7.912761552247003,0.14277529397000024
384,2024-01-01,000WA,6.310311431126999,1.1797677916790015,0.058275806555
385,2024-02-01,000WA,6.054774936076996,1.5023226550369995,0.03923163546500001
386,2024-03-01,000WA,11.265140854735991,2.7320064602150014,0.049142492766000044
387,2024-04-01,000WA,14.57780677365299,3.441252428502997,0.05371511787999998
388,2024-05-01,000WA,19.70936379243398,3.7042905523679974,0.06585091189600002
389,2024-06-01,000WA,23.90755525938597,4.005354792000998,0.05967608240699999
390,2024-07-01,000WA,25.398904906822004,4.361242761026003,0.054536123776999984
391,2024-08-01,000WA,23.338565416319994,4.085661040044004,0.04620881711699999
392,2024-09-01,000WA,19.843317030022014,2.8721305956759995,0.07940803218000003
393,2024-10-01,000WA,15.111386830663985,2.502250184777001,0.08747436944000009
394,2024-11-01,000WA,9.220540896721987,2.5706676216680013,0.0783846272990001
395,2024-12-01,000WA,5.123077370223009,1.6830571330300008,0.05947172942299998
396,2024-01-01,000WN,4.947869931332993,1.6044288686890005,0.07031295490000004
397,2024-02-01,000WN,4.938988610643996,1.6763580629150006,0.055042938021000014
398,2024-03-01,000WN,8.360879168567005,1.8353352916190002,0.11047257399600005
399,2024-04-01,000WN,11.786776463691993,1.302235542111002,0.08231643817699999
400,2024-05-01,000WN,17.299983321916997,1.1553659397360014,0.082777183288
401,2024-06-01,000WN,19.674330489552,1.0581246629200005,0.10287365027599997
402,2024-07-01,000WN,19.891302052638007,0.9034227867400001,0.07392929643999993
403,2024-08-01,000WN,19.834765080028017,1.008901041095999,0.09353887787399995
404,2024-09-01,000WN,19.184671952023997,0.8974951554069999,0.11036045862900014
405,2024-10-01,000WN,14.264891521987003,0.9565206744789998,0.11526523793700016
406,2024-11-01,000WN,8.33118132899,1.035802472749001,0.13419185254400018
407,2024-12-01,000WN,2.9641483443720005,1.5309204718530014,0.08307053445900003
408,2024-01-01,000XR,5.9595851632909955,5.046338961720007,0.08211526064200006
409,2024-02-01,000XR,5.543855375556993,5.380641246675998,0.08374095903299997
410,2024-03-01,000XR,9.551494316526009,6.414526998569991,0.13887984884999993
411,2024-04-01,000XR,12.346562655255006,4.717499341182996,0.10177632851900004
412,2024-05-01,000XR,17.144191362594007,4.231766222579999,0.11834584506599999
413,2024-06-01,000XR,19.630394880868007,4.263020119811004,0.14276518632600002
414,2024-07-01,000XR,19.614411922097023,4.558983193272004,0.04851460053200002
415,2024-08-01,000XR,19.62068247273402,4.248602006786005,0.05863391501000003
416,2024-09-01,000XR,19.501975839381988,3.671842701179003,0.2375313598189998
417,2024-10-01,000XR,14.810162432826004,5.262117110324996,0.2664202376229997
418,2024-11-01,000XR,8.758922345694995,6.156174264110997,0.2827298947679997
419,2024-12-01,000XR,4.671673213873004,5.325839496209005,0.10487176979800006
420,2024-01-01,000XW,5.693770376753998,2.4071867585780002,0.1383297860480001
421,2024-02-01,000XW,5.510355974333999,2.5861345701070024,0.07777430798099993
422,2024-03-01,000XW,8.340191953287007,2.843913951105998,0.17830108675900003
423,2024-04-01,000XW,10.71820089267001,2.605662395734002,0.10090995844399993
424,2024-05-01,000XW,15.391576650531006,2.4519533943829983,0.06901755314999994
425,2024-06-01,000XW,17.71158346609898,2.1092812925580002,0.09471607489600004
426,2024-07-01,000XW,17.216113382105007,1.7277684438940009,0.17309286974500002
427,2024-08-01,000XW,17.378319762021018,0.8932598641119996,0.1414973175109999
428,2024-09-01,000XW,18.165614976794988,0.5346226047789999,0.2141070221779999
429,2024-10-01,000XW,13.173764958899996,0.8767902182960008,0.2597130295569998
430,2024-11-01,000XW,8.401934520582012,1.5227423457750016,0.3184937482399997
431,2024-12-01,000XW,4.3828811858030035,2.327377318019,0.15385228512000013
432,2024-01-01,000XZ,6.122795654593999,12.968294253218014,0.15549692226600012
433,2024-02-01,000XZ,5.898231335012998,11.902332985837004,0.09954383587500004
434,2024-03-01,000XZ,9.872991821359994,10.485425129422993,0.18881413523500007
435,2024-04-01,000XZ,11.484930441408999,10.136816196234996,0.11198253014500006
436,2024-05-01,000XZ,15.898433135464993,9.575788013556995,0.08503490321099999
437,2024-06-01,000XZ,18.160892566089974,8.66153090196599,0.09452788414499995
438,2024-07-01,000XZ,18.132688862709987,9.17172052667399,0.1859246515679997
439,2024-08-01,000XZ,18.423102318793998,7.442405476166995,0.13760936915799993
440,2024-09-01,000XZ,18.991723585056988,6.174881897646998,0.15176349705199985
441,2024-10-01,000XZ,14.085271989815004,7.846260384396992,0.17523953817999977
442,2024-11-01,000XZ,8.827758794726998,9.058344492091994,0.19587323837800003
443,2024-12-01,000XZ,4.708247186034998,12.279936024096003,0.15688582037100002
444,2024-01-01,000YG,5.328618281378999,6.168715221685,0.06870653496899998
445,2024-02-01,000YG,5.007996650631,5.597382728974001,0.03915446573699998
446,2024-03-01,000YG,9.373139755308994,6.713766449764998,0.087168363544
447,2024-04-01,000YG,12.738610588393996,5.620126718476007,0.07915756469399994
448,2024-05-01,000YG,18.06993296735199,5.175296157390001,0.06115596045700003
449,2024-06-01,000YG,20.48508414814199,4.7106805928880044,0.080509009036
450,2024-07-01,000YG,21.299346679827995,4.868396461306005,0.076146528034
451,2024-08-01,000YG,20.592971531163002,4.584897525952997,0.09326534666399994
452,2024-09-01,000YG,19.275701611484994,3.6982921551330037,0.12270016058100003
453,2024-10-01,000YG,14.258582678553996,5.421146903013997,0.13828551296500013
454,2024-11-01,000YG,8.393844802767996,6.7935871766909965,0.15035041027200025
455,2024-12-01,000YG,3.9991609868050046,6.364599215341998,0.08129351177700002
456,2024-01-01,000ZK,3.630114642356001,1.8691879522450012,0.14111669958299988
457,2024-02-01,000ZK,3.4175662706040013,2.0260429910820013,0.10406774722399996
458,2024-03-01,000ZK,7.529429833487,2.0865648427749997,0.16918814290899992
459,2024-04-01,000ZK,11.069908997596,2.1992275509100008,0.14886896880299996
460,2024-05-01,000ZK,15.74315124806899,1.9401971625360013,0.159018910998
461,2024-06-01,000ZK,18.466116535494002,1.6929221197480018,0.15406474291799982
462,2024-07-01,000ZK,19.30645480887099,2.2287883129670023,0.09653512496399998
463,2024-08-01,000ZK,18.55788380644498,1.8096899836880018,0.10482999640500001
464,2024-09-01,000ZK,17.090613327265984,1.2406838085700018,0.24901287755699986
465,2024-10-01,000ZK,12.916690802277003,1.7334148561789993,0.2617219649279999
466,2024-11-01,000ZK,8.601032584195002,2.0369803205969985,0.24391536234000008
467,2024-12-01,000ZK,3.0483949631399967,1.8319364842410002,0.1628160440129999
468,2024-01-01,000ZV,5.344641622772997,5.053942344644001,0.07354746407900004
469,2024-02-01,000ZV,5.463691944357999,5.501737177382999,0.038576932983999994
470,2024-03-01,000ZV,9.040605229367,6.285065602706997,0.08446398990099999
471,2024-04-01,000ZV,11.878946981615993,4.723977511906,0.06539516100100001
472,2024-05-01,000ZV,17.748320978752,3.914369045667,0.05264914994400001
473,2024-06-01,000ZV,20.30756315859299,3.7082735544890015,0.05838341987400003
474,2024-07-01,000ZV,20.04924239931301,3.8740006610329965,0.07359383803599992
475,2024-08-01,000ZV,19.744655465058017,3.3902694553399977,0.039987717579999985
476,2024-09-01,000ZV,19.059370258949986,3.233790089490002,0.10698545655400002
477,2024-10-01,000ZV,14.024739566346,4.6278333728330034,0.12170124769400002
478,2024-11-01,000ZV,7.799271022273002,6.258811094132002,0.12610086565499987
479,2024-12-01,000ZV,3.0249357700490003,5.349332914124003,0.07833624117100006
480,2024-01-01,000ZQ,6.2240289779030045,7.404825938499,0.08000342353699998
481,2024-02-01,000ZQ,5.980248463968003,7.218478084108001,0.04463617913199998
482,2024-03-01,000ZQ,9.363605911221999,7.40856198415,0.09047458522599998
483,2024-04-01,000ZQ,11.775538966397999,7.316428200618005,0.07618838979099998
484,2024-05-01,000ZQ,16.464599798594996,6.850214175730002,0.077200810583
485,2024-06-01,000ZQ,19.098798996973997,5.9241806605879965,0.08944916007399999
486,2024-07-01,000ZQ,18.423682501397003,5.983333608530997,0.10193690975800002
487,2024-08-01,000ZQ,18.41297332858501,5.370738383971002,0.089852804294
488,2024-09-01,000ZQ,18.76239699102202,4.130323381373999,0.10317562509099998
489,2024-10-01,000ZQ,13.832093579126992,6.009931311897997,0.11960611207500006
490,2024-11-01,000ZQ,8.655514064389989,7.474499032691992,0.1289054319820001
491,2024-12-01,000ZQ,3.544429226617998,7.4379973383259985,0.087796001893
